@BMWSB_Bund@social.bund.de,
@HBBuergerschaft@social.bund.de,
@FITKOfoederal@social.bund.de,
@SVR_Migration@social.bund.de,
@evzfoundation@social.bund.de,
@DIMR_Berlin@social.bund.de,
@destatis@social.bund.de,
@hib_Nachrichten@social.bund.de,
@bibb@social.bund.de,
@CivicCoding@social.bund.de,
@DeutscherWetterdienst@social.bund.de,
@bsi@social.bund.de,
@Zoll@social.bund.de,
@BlnBDI@social.bund.de,
@bmdv@social.bund.de,
@BNetzA@social.bund.de,
@bpb@social.bund.de,
@DS_Stiftung@social.bund.de,
@Netzausbau@social.bund.de,
@lfdi_rlp@social.bund.de,
@MDC_Berlin@social.bund.de,
@bzga@social.bund.de,
@BGH_Bund@social.bund.de,
@Bundesregierung@social.bund.de,
@bamf@social.bund.de,
@GDI_DE@social.bund.de,
@thueringerlandtag@social.bund.de,
@BKG@social.bund.de,
@Bundessozialgericht@social.bund.de,
@GRS@social.bund.de,
@DLR_MUSC@social.bund.de,
@dlr_next@social.bund.de,
@DLR@social.bund.de,
@bmi@social.bund.de,
@gdws_wsv_presse@social.bund.de,
@RKI@social.bund.de,
@bmuv@social.bund.de,
@RNE_DE@social.bund.de,
@bundesarbeitsgericht@social.bund.de,
@BayerischerLandtag@social.bund.de,
@BVL_Bund@social.bund.de,
@HessischerLandtag@social.bund.de,
@loeffler_news@social.bund.de,
@bfr@social.bund.de,
@TFK_Bundeswehr@social.bund.de,
@DZA@social.bund.de,
@Umweltbundesamt@social.bund.de,
@bundestag@social.bund.de,
@bfdi@social.bund.de,
@strahlenschutz@social.bund.de,
@PEI_Germany@social.bund.de,
@dena@social.bund.de,
@Weizenbaum_Institut@social.bund.de,
@thw@social.bund.de,
@FraunhoferFOKUS@social.bund.de,
@dai_weltweit@social.bund.de,
@wbgu@social.bund.de,
@certbund@social.bund.de,
@BAMResearch@social.bund.de,
@Cyberagentur@social.bund.de,
@GIGA_Institute@social.bund.de,
@ltrlp@social.bund.de,
@BWBStiftung@social.bund.de,
@base@social.bund.de,
@die_rente@social.bund.de,
@germanyinuk@social.bund.de,
@BVerwG_de@social.bund.de,
@dsk@social.bund.de,
@bundesfinanzhof@social.bund.de,
@unibwm@social.bund.de,
@FNA@social.bund.de,
@TABundestag@social.bund.de,
@BKHS_Stiftung@social.bund.de,
@nkcs@social.bund.de,
@AuswaertigesAmt@social.bund.de,
@IPN_Kiel@social.bund.de,
@itzbund@social.bund.de,
@BayLfD@social.bund.de,
@BaFin@social.bund.de,
@dzne@social.bund.de,
@wissenschaftsjahr@social.bund.de,
@opendatabund@social.bund.de,
@bwi@social.bund.de,
@BMWK@social.bund.de,
@KfW@social.bund.de,
@BuergerschaftHH@social.bund.de,
@umweltrat@social.bund.de,
@LernendeSysteme@social.bund.de,
@HelmholtzMunich@social.bund.de,
@dsee@social.bund.de,
@bmbf_bund@social.bund.de,
@Bf3R_centre@social.bund.de,
@aa_stabilisiert@social.bund.de,
@GERonCyber@social.bund.de,
@GermanyUN@social.bund.de,
@bmz@social.bund.de,
@bmf@social.bund.de,
@Ostbeauftragter@social.bund.de,
@EFI_Kommission@social.bund.de,
@deutschesHeer@social.bund.de,
@BAnst_PT@social.bund.de,
@antidiskriminierung@social.bund.de,
@ZIF@social.bund.de,
@AlmanyaBE@social.bund.de,
@landesregierung@social.schleswig-holstein.de,
@CIO@social.schleswig-holstein.de,
@nodes_sh@social.schleswig-holstein.de,
@smrsachsen@social.sachsen.de,
@sdtb@social.sachsen.de,
@StatistikLSA@social.sachsen-anhalt.de,
@Digimid@social.sachsen-anhalt.de,
@mid_lsa@social.sachsen-anhalt.de,
@BorisRhein@social.hessen.de,
@landesregierung@social.hessen.de,
@umwelthessen@social.hessen.de,
@hmwk_hessen@social.hessen.de,
@finanzen@social.hessen.de,
@HBDI@social.hessen.de,
@DigitalesHessen@social.hessen.de,
@wirtschafthessen@social.hessen.de,
@Justiz@social.hessen.de,
@reutlingen@bawü.social,
@mannheim@bawü.social,
@KommONE@bawü.social,
@freiburg@bawü.social,
@stuttgart@bawü.social,
@KM_BW@bawü.social,
@bwegtBW@bawü.social,
@rnvgmbh@bawü.social,
@praesolgka@bawü.social,
@FeuerwehrStuttgart@bawü.social,
@Enzkreis@bawü.social,
@Landtag_BW@bawü.social,
@RheinNeckarKreis@bawü.social,
@pmzbw@bawü.social,
@FVABW@bawü.social,
@ljrbw@bawü.social,
@stadtwerketuebingen@bawü.social,
@karlsruhedigital@bawü.social,
@olgkarlsruhe@bawü.social,
@unimannheim@bawü.social,
@Umweltministerium@bawü.social,
@MSI_BW@bawü.social,
@Uni_Stuttgart@bawü.social,
@hochschule_kehl@bawü.social,
@SECUSO_Research@bawü.social,
@LMWStuttgart@bawü.social,
@ForumPrivatheit@bawü.social,
@Friedrichshafen@bawü.social,
@biberach@bawü.social,
@ifk@bawü.social,
@galaxyfreiburg@bawü.social,
@LandesarchivBW@bawü.social,
@DigitaleEthik@bawü.social,
@unifreiburg@bawü.social,
@lbank@bawü.social,
@RegierungBW@bawü.social,
@unikonstanz@bawü.social,
@mzhd@bawü.social,
@lfdi_pressestelle@bawü.social,
@IZEW@bawü.social,
@fahrrad_hohenheim@bawü.social,
@mosbach@bawü.social,
@cvuastuttgart@bawü.social,
@popuplabor@bawü.social,
@KITInformatik@bawü.social,
@ITAS_KIT@bawü.social,
@unihohenheim@bawü.social,
@hadw_bw@bawü.social,
@kmzbc@bawü.social,
@bwUni_digital@bawü.social,
@unituebingen@bawü.social,
@lfdi@bawü.social,
@VerkehrsministeriumBW@bawü.social,
@s_tec_stuttgart@bawü.social,
@phheidelberg@bawü.social,
@unifreiburgRZ@bawü.social,
@landesseniorenrat@bawü.social,
@belwue@bawü.social,
@BadischesLandesmuseum@bawü.social,
@verbraucherzentrale@bawü.social,
@Hochschule_Reutlingen@bawü.social,
@lpb@bawü.social,
@mzm@bawü.social,
@GRK2571@bawü.social,
@RPFreiburg@bawü.social,
@openta@bawü.social,
@heidelberg@bawü.social,
@umphy@bawü.social,
@Landesmusikakademie@bawü.social,
@nationalparkschwarzwald@bawü.social,
@StadtmarketingFN@bawü.social,
@kat@bawü.social,
@stadtpforzheim@bawü.social,
@stadtwerkesigmaringen@bawü.social,
@finanzenbw@bawü.social,
@uniklinikum_hd@bawü.social,
@StaedtischeMuseenFreiburg@bawü.social,
@phludwigsburg@bawü.social,
@spacy@bawü.social,
@Wirtschaftsministerium@bawü.social,
@hka_sstm@bawü.social,
@KatSKreisLB@bawü.social,
@Ammerbuch@bawü.social,
@vunk@bawü.social,
@izkt_stuttgart@bawü.social,
@LVBWBerlin@bawü.social,
@hfu_fachschaft_in@bawü.social,
@roemerhaus@bawü.social,
@hfu_imz_info@bawü.social,
@ghb_netadmins@bawü.social,
@fwfuer@bawü.social,
@HfWU@bawü.social,
@StadtLaupheim@bawü.social,
@Medienwirtschaft_HdM@bawü.social,
@RefBW@bawü.social,
@stadtulm@bawü.social,
@vs_uulm@bawü.social,
@eLearningUniFR@bawü.social,
@TreuMoDa@bawü.social,
@feuerwehr_reichartshausen@bawü.social,
@BeauftragtggAntisemitismusBW@bawü.social,
@hdmstuttgart@bawü.social,
@hfg_gmuend@bawü.social,
@ZuKo@bawü.social,
@neuenstadt@bawü.social,
@ifm@bawü.social,
@wallduern@bawü.social,
@LandgerichtKarlsruhe@bawü.social,
@my_stuwe@bawü.social,
@IHKSuedlicherOberrhein@bawü.social,
@readikommunal@bawü.social,
@FraunhoferISI@bawü.social,
